text,Number of Hashtags,Hashtags,Length of tweet,isRetweet
"In the run up to Holi: Huge haul of illicit liquor seized, 3 arrested in 3 different cases with total 140 cartons (6972 quarters) and one TSR and one tempo by three PS Govindpuri, PS Okhla and PS Badarpur of SE Dist.@DelhiPolice https://t.co/a2ZhXjyFdm",0,[],252,True
"Conspiracy, Robbery and Murder:  Case solved by the Team of PS Amar Colony with the arrest of three accused persons. @DelhiPolice https://t.co/MpVuTxae3p",0,[],153,True
Public Meeting: with Maulanas and respectables of Shaheen bagh to have their cooperation in maintaining peace in the area. @DelhiPolice https://t.co/Md0Jpajy5d,0,[],159,True
https://t.co/6drSLFMFLP,0,[],23,False
https://t.co/ND8VAFUVj0,0,[],23,False
"Notorious Thak Thak Gang members arrested within hours of committing an incident with the recovery of 11 pairs of earrings,necklace,foreign currency,laptop,8 mobile phones and motorcycle
@CPDelhi @LtGovDelhi @DelhiPolice 
#KeepingDelhiSafe https://t.co/zyS6omNLRz",0,[],263,True
"@CPDelhi visited residence of Sh. Anuj Sharma, ACP Gokul Puri, the officer who was injured facing rioters &amp; yet,heroically rescued his senior, Sh. Amit Sharma, DCP Shahdara,who was grievously injured trying to control the senseless violence. Delhi Police is proud of such officers https://t.co/r4wrdWOUD3",0,[],308,False
Public meeting was held at Jaitpur to get their cooperation and confidence in maintaining law and order and to improve crime situation in the area. @DelhiPolice https://t.co/KqjRBqgpYg,0,[],184,True
@SubtleTraveller @AtishiAAP @DelhiPolice Some unsubstantiated reports of tense situation in SouthEast &amp; West District are being circulated on social media. It is to reiterate that these are all rumours. Don't pay attention to such rumours. Delhi Police is closely monitoring accounts spreading rumours and taking action.,0,[],324,True
"Hey guys!

Not done. You have taken the job of spreading ‡§®‡§´‡§º‡§∞‡§§ so brazenly.

Rest assured, we are watching you all, and mighty well. While we know some of these are fake IDs, be sure of our capabilities to hunt you down üòé.

Take this as a sweet warning!

#DelhiPoliceNailsFake",0,[],276,True
"Hey guys!

Not done. You have taken the job of spreading ‡§®‡§´‡§º‡§∞‡§§ so brazenly.

Rest assured, we are watching you all, and mighty well. While we know some of these are fake IDs, be sure of our capabilities to hunt you down üòé.

Take this as a sweet warning!

#DelhiPoliceNailsFake https://t.co/ez2Z2kQN3S",0,[],300,True
"Hey guys!

Not done. You have taken the job of spreading ‡§®‡§´‡§º‡§∞‡§§ so brazenly.

Rest assured, we are watching you all, and mighty well. While we know some of these are fake IDs, be sure of our capabilities to hunt you down üòé.

Take this as a sweet warning!

#DelhiPoliceNailsFake",0,[],276,True
Efforts are being made to arrest him .,0,[],38,True
The police verified the same to be incorrect and Tahir Hussain was found available in his house . It is further added that he was named as accused on 26/2/2010 upon recovery of the body of Shri Ankit Sharma . His house was searched and he was found absconding.,0,[],260,True
A section of Media has reported that Tahir Hussain (councillor) was rescued by Delhi Police. The facts are that on night intervening 24/25 Feb 2020 when some public men informed police deployed at Chand bagh that Tahir Hussain was trapped as crowd had surrounded his house.,0,[],273,True
"Minister of State for Consumer Affairs appreciated New Delhi district police for prompt response in nabbing two cheaters for fraud under One Nation One Ration scheme.
#DelhiPolice @CPDelhi @HMOIndia @LtGovDelhi @DelhiPolice @consaff @raosahebdanve https://t.co/nT8yVdD2X8",0,[],271,True
"It's the BAAGHI season.

We are #Baaghi against #false &amp; #fake. Are you?

Get ready to be a Baaghi against #FakeNews.

Be a rebel against all networks of false information. Be vigilant against rumour mongers. Let's unite to fight fake.

#DelhiPoliceNailsFake

@HMOIndia @CPDelhi https://t.co/zpcfrm6zHz",4,"['Baaghi', 'false', 'fake', 'FakeNews']",306,True
"Senior Officers from Dwarka District interacted with public and appreciated their co-operation and support in handling the tense situation created due to rumours. 
@LtGovDelhi
@CPDelhi
@DelhiPolice https://t.co/w45Rqq2Cmh",0,[],221,True
"Addl.DCP/Dwarka Dist. and Akshat Kaushal I.P.S. (U/T) held a meeting with RWA members of Mohan Garden area.  Appealed them not to pay attention to rumours &amp; appreciated their help in maintaining peace &amp; harmony.
@LtGovDelhi
@CPDelhi
@DelhiPolice https://t.co/PdpdB4LIOO",0,[],277,True
‡§¶‡§ø‡§≤‡•ç‡§≤‡•Ä ‡§Æ‡•á‡§Ç ‡§ï‡§π‡•Ä‡§Ç ‡§≠‡•Ä ‡§π‡§ø‡§Ç‡§∏‡§æ ‡§ï‡•Ä ‡§ï‡•ã‡§à ‡§ñ‡§¨‡§∞ ‡§®‡§π‡•Ä‡§Ç ‡§π‡•à ‡•§ ‡§ï‡•É‡§™‡§Ø‡§æ ‡§Ö‡§´‡§µ‡§æ‡§π‡•ã‡§Ç ‡§™‡§∞ ‡§ß‡•ç‡§Ø‡§æ‡§® ‡§® ‡§¶‡•á‡§Ç ‡§î‡§∞ ‡§®‡§æ ‡§Ö‡§´‡§µ‡§æ‡§π ‡§´‡•à‡§≤‡§æ‡§è‡•§ @DelhiPolice https://t.co/PtZVjFtrh5,0,[],130,True
Permission to start a rally from Ram Lila ground to Jantar Mantar by Young India National Coordination Committee has not been granted @DelhiPolice,0,[],146,True
"Delhi Police: A 24-yr-old man arrested by Cyber Crime Cell, for spreading rumours over riots in Nihal Vihar of west Delhi. He was using social media to spread rumours. His mobile phone has been recovered&amp;alleged social media post confirmed to have been posted from his profile. https://t.co/2img2kemqq",0,[],305,True
"Residents in Valmiki basti, Madangir, Lohar chowk areas of Ambedkar Nagar visited. They have assured to give information against Rumour mongers and there is No cause for any concern.
Do not believe in Rumours. 
@DCPSouthDelhi @DelhiPolice https://t.co/QNhnsqdQoR",0,[],262,True
Intensive patrolling and confidence building measures including interation with public with appeal not to spread or pay attention to any rumours on social media platforms. @DelhiPolice @CPDelhi @LtGovDelhi https://t.co/E11sl7uK1r,0,[],229,True
"Senior officers interacting with members of the public for confidence building and to ensure that no rumour mongering takes place
@CPDelhi @LtGovDelhi @DelhiPolice https://t.co/rI9VDVjhN9",0,[],187,True
"Intensified foot patrolling by Dwarka Police Officers.  Continued interaction with the public as a confidence-building measure. All were requested not to believe in rumours. 
@LtGovDelhi
@CPDelhi
@DelhiPolice https://t.co/zr6tKLWQs9",0,[],232,True
"Senior officers from Dwarka District held meetings with members of Aman Committee, MWAs, RWAs assuring them of continued police presence and advised them not to believe in rumours. 
@LtGovDelhi
@CPDelhi
@DelhiPolice https://t.co/2pJG6TE8HV",0,[],239,True
"Extensive foot patrolling being done by Team South with CAPF jawans to quell any rumour mongering
@CPDelhi @LtGovDelhi @DelhiPolice https://t.co/awRgDAf1vJ",0,[],155,True
"Interaction with residents of Villages in Maidangarhi area. They have been requested to inform any concerns of theirs and Not to believe in Rumours of any kind.
@DCPSouthDelhi @DelhiPolice https://t.co/0PBgnn6pHY",0,[],212,True
"Rumour again, Action again: A call was received that ""Sharma market MB Road TKD rumour fail rahi hai ki muslim talwar lekar aa rahe hain shop band karlo."" Found to be rumour/fake,  Legal Action is  being taken. 
We again appeal don't believe rumours. @DelhiPolice",0,[],263,True
"Small corner meetings organised in khadda colony and JJ colony, PS Kalindi Kunj and at transit camp, PS Govindpuri with the residents and respectables of the locality to boost their confidence. @DelhiPolice @LtGovDelhi https://t.co/vzTIjh6UJX",0,[],242,True
"Public Meeting: with general public in Lal Kuan, V P Singh, Vishwakarma colony in PS Pul Prahladpur. @DelhiPolice @LtGovDelhi https://t.co/1cGOjvSGoi",0,[],149,True
"From newspapers today:

'How Delhi cops swiftly ended riot rumours'
 https://t.co/TVUlr4hT8n
Download the TOI app now:
https://t.co/eoKhAysPaX",0,[],142,False
"In Newspapers today:

'Cops risk their lives to save many riot-hit in Delhi'
 https://t.co/jY4o2DaeO1
Download the TOI app now:
https://t.co/eoKhAysPaX",0,[],151,False
There were a spate of calls which were verified and all such calls were fake   These were rumours only. Pl don't pay heed to such calls and refrain from spreading such fake calls. @DelhiPolice @kumargyanesh24,0,[],208,True
"Do NOT believe in ANY Rumours regarding incidents in Sangam Vihar,Ambedkar Nagar,Hauz Rani or ANY other area.All Officers are alert and patrolling and STRICT Action will be taken against those spreading rumours
@CPDelhi @LtGovDelhi @DelhiPolice",0,[],244,True
"@LtGovDelhi 
@CPDelhi 
@DelhiPolice 
Concerted efforts were made over the evening by mischievous and anti-social elements to create panic in Delhi by spreading false rumours of rioting over various social media platforms..

In truth, there was nothing..",0,[],253,True
@Erroticmonkeeyy @LeingLegend @chill_insaan Everything is normal and peaceful. Pls don't spread unsubstantiated information.,0,[],124,False
"Joint CP, Western Range and @DCPWestDelhi clarifying that the situation is completely peaceful and normal. https://t.co/8rWmP1x2T1",0,[],130,False
Delhi Police is closely monitoring the Social Media accounts spreading fake news/rumours. Action will be taken. Please convey to police on Control Room Number 112.,0,[],163,False
"IMPORTANT  INFORMATION
Some unsubstantiated reports of tense situation in Delhi are being circulated on social media and messaging Apps. It is to reiterate that these are all rumours. Kindly don't pay attention to such rumours.",0,[],227,False
The situation is peaceful. North District police is alert and present in the area. Please dnt trust and spread any unverified news/ rumours. @DelhiPolice https://t.co/p8JTfFzDjs,0,[],177,True
"RUMOR IS THE BIGGEST ENEMY. 
A rumor has been noticed that there is some tension in Khyala-Raghubir Nagar area of West District. There is no truth behind it. All are requested to keep calm as the situation is absolutely normal &amp; peaceful. @LtGovDelhi @CPDelhi @ANI @DelhiPolice",0,[],281,True
@NavbharatTimes ‡§Ø‡§π ‡§ñ‡§¨‡§∞‡•á‡§Ç ‡§¨‡§ø‡§≤‡•ç‡§ï‡•Å‡§≤ ‡§®‡§ø‡§∞‡§æ‡§ß‡§æ‡§∞ ‡§π‡•à‡§Ç‡•§ ‡§™‡•Ç‡§∞‡•á ‡§ï‡•ç‡§∑‡•á‡§§‡•ç‡§∞ ‡§Æ‡•á‡§Ç ‡§∂‡§æ‡§Ç‡§§‡§ø ‡§µ‡•ç‡§Ø‡§µ‡§∏‡•ç‡§•‡§æ ‡§¨‡§®‡•Ä ‡§π‡•Å‡§à ‡§π‡•à‡•§ @DCPWestDelhi,0,[],103,False
@indiatvnews Such reports are not true and completely denied. @DCPWestDelhi,0,[],75,False
Some unsubstantiated reports of tense situation in SouthEast &amp; West District are being circulated on social media. It is to reiterate that these are all rumours. Don't pay attention to such rumours. Delhi Police is closely monitoring accounts spreading rumours and taking action.,0,[],283,False
‡§Ö‡§´‡§µ‡§æ‡§π ‡§´‡•à‡§≤‡§æ‡§®‡•á ‡§µ‡§æ‡§≤‡•ã‡§Ç ‡§∏‡•á ‡§∏‡§ñ‡•ç‡§§‡•Ä ‡§∏‡•á ‡§®‡§ø‡§™‡§ü‡§æ ‡§ú‡§æ ‡§∞‡§π‡§æ ‡§π‡•à‡•§ ‡§¶‡§ø‡§≤‡•ç‡§≤‡•Ä ‡§ï‡•á ‡§®‡§æ‡§ó‡§∞‡§ø‡§ï ‡§Ö‡§™‡§®‡•Ä ‡§ú‡§º‡§ø‡§Æ‡•ç‡§Æ‡•á‡§¶‡§æ‡§∞‡•Ä ‡§®‡§ø‡§≠‡§æ‡§è‡§Ç ‡§î‡§∞ ‡§∂‡§æ‡§Ç‡§§‡§ø ‡§¨‡§®‡§æ‡§è ‡§∞‡§ñ‡§®‡•á ‡§Æ‡•á‡§Ç ‡§Æ‡§¶‡§¶ ‡§ï‡§∞‡•á‡§Ç‡•§,0,[],121,False
"‡§ê‡§∏‡§æ ‡§¶‡•á‡§ñ‡§®‡•á ‡§Æ‡•á‡§Ç ‡§Ü‡§Ø‡§æ ‡§π‡•à ‡§ï‡§ø ‡§ï‡•Å‡§õ ‡§Ö‡§∞‡§æ‡§ú‡§ï ‡§§‡§§‡•ç‡§µ ‡§ê‡§∏‡•Ä ‡§Ö‡§´‡§µ‡§æ‡§π‡•á‡§Ç ‡§´‡•à‡§≤‡§æ ‡§∞‡§π‡•á ‡§π‡•à‡§Ç ‡§ú‡§ø‡§∏‡§∏‡•á ‡§∂‡§æ‡§Ç‡§§‡§ø ‡§µ‡•ç‡§Ø‡§µ‡§∏‡•ç‡§•‡§æ ‡§Æ‡•á‡§Ç ‡§¨‡§æ‡§ß‡§æ ‡§Ü‡§è‡•§ ‡§≤‡•ã‡§ó‡•ã‡§Ç ‡§ï‡•ã ‡§Ü‡§ó‡§æ‡§π ‡§ï‡§ø‡§Ø‡§æ ‡§ú‡§æ‡§§‡§æ ‡§π‡•à ‡§ï‡§ø ‡§®‡§æ ‡§§‡•ã ‡§á‡§® ‡§Ö‡§´‡§µ‡§æ‡§π‡•ã‡§Ç ‡§ï‡•ã ‡§´‡•à‡§≤‡§æ‡§è‡§Ç ‡§î‡§∞ ‡§®‡§æ ‡§á‡§® ‡§™‡§∞ ‡§≠‡§∞‡•ã‡§∏‡§æ ‡§ï‡§∞‡•á‡§Ç‡•§ 
‡§™‡•Ç‡§∞‡•Ä ‡§¶‡§ø‡§≤‡•ç‡§≤‡•Ä ‡§Æ‡•á‡§Ç ‡§ï‡§æ‡§®‡•Ç‡§® ‡§µ‡•ç‡§Ø‡§µ‡§∏‡•ç‡§•‡§æ ‡§™‡•Ç‡§∞‡•ç‡§£‡§§‡§É ‡§®‡§ø‡§Ø‡§Ç‡§§‡•ç‡§∞‡§£ ‡§Æ‡•á‡§Ç ‡§π‡•à ‡§î‡§∞ ‡§∏‡•ç‡§•‡§ø‡§§‡§ø ‡§∂‡§æ‡§Ç‡§§ ‡§π‡•à‡•§",0,[],253,False
"‡§ï‡•ç‡§Ø‡§æ ‡§Ü‡§™ ‡§Æ‡•ã‡§¨‡§æ‡§á‡§≤ ‡§ê‡§™ ‡§∏‡•á ‡§∏‡•á‡§ï‡§Ç‡§° ‡§π‡•à‡§Ç‡§° ‡§∏‡§æ‡§Æ‡§æ‡§® ‡§¨‡•á‡§ö‡§®‡•á/‡§ñ‡§∞‡•Ä‡§¶‡§®‡•á ‡§ï‡•Ä ‡§∏‡•ã‡§ö ‡§∞‡§π‡•á ‡§π‡•à‡§Ç?

‡§•‡•ã‡§°‡§º‡•Ä ‡§∏‡§§‡§∞‡•ç‡§ï‡§§‡§æ ‡§¨‡§∞‡§§‡§ø‡§Ø‡•á‡•§ ‡§Ö‡§ó‡§∞ ‡§á‡§®‡§Æ‡•á‡§Ç ‡§∏‡•á ‡§ï‡•Å‡§õ ‡§≠‡•Ä ‡§®‡§ú‡§∞ ‡§Ü‡§è, ‡§§‡•ã ‡§∏‡§ö‡•á‡§§ ‡§π‡•ã ‡§ú‡§æ‡§á‡§è:
1. ‡§ñ‡§∞‡•Ä‡§¶‡§®‡•á/‡§¨‡•á‡§ö‡§®‡•á ‡§ï‡•Ä ‡§π‡§°‡§º‡§¨‡§°‡§º‡•Ä‡•§
2. ‡§§‡•Å‡§∞‡§Ç‡§§ ‡§™‡•à‡§∏‡•á ‡§ï‡•á ‡§≤‡•á‡§®- ‡§¶‡•á‡§® ‡§™‡§∞ ‡§ú‡§º‡•ã‡§∞‡•§
3. ‡§≤‡§ø‡§Ç‡§ï ‡§Ø‡§æ QR ‡§ï‡•ã‡§° ‡§∏‡•á ‡§™‡•á‡§Æ‡•á‡§Ç‡§ü ‡§™‡§∞ ‡§Ö‡§°‡§º‡•á ‡§∞‡§π‡§®‡§æ‡•§

(‡§Ü‡§ú ‡§ï‡•á ‡§Ö‡§ñ‡§º‡§¨‡§æ‡§∞‡•ã‡§Ç ‡§Æ‡•á‡§Ç ‡§Ü‡§Ø‡§æ ‡§ú‡§æ‡§ó‡§∞‡•Å‡§ï‡§§‡§æ ‡§∏‡§Ç‡§¶‡•á‡§∂) https://t.co/JKL68I3Bng",0,[],304,False
"Are you selling or buying something second hand on Mobile Apps? 

Fraudsters may try to cheat you. Pay attention to warning signs: 'urgency of payment', 'immediate payment through link/QR-Code', 'insistance on Advance Payment', etc. 

Today's 'Awareness Message' in newspapers. https://t.co/b0UfOKn6eG",0,[],301,False
"@CPDelhi visited hospital and inquired about the health of DCP/Shahdara, Shri Amit Sharma. https://t.co/sX8MRfnk4V",0,[],114,False
https://t.co/rIf7eKycYG,0,[],23,False
"No rioting  incident during last 3 days , situation is normal &amp; under control . 38 deaths have been reported in these incidents .@HMOIndia @LtGovDelhi",0,[],154,True
123 cases have been registered so far .  25 arms have been recovered  . @HMOIndia @LtGovDelhi,0,[],93,True
"Rumours of stone pelting at a religious place by a mob chanting religious slogans in Dwarka are completely false. 
Public is advised not to pay attention to or spread rumours/ fake news on social media.
@DelhiPolice
@CPDelhi",0,[],224,True
https://t.co/KoFmNag2ZZ,0,[],23,False
No violence has taken place in the Jahangirpuri area. Do not spread or believe rumours. Senior Police officers are present in the area @DelhiPolice https://t.co/m3R8M95Ugj,0,[],171,True
"Aman Committee meetings with people of the area with appeals to maintain peace and harmony
@CPDelhi @LtGovDelhi @DelhiPolice https://t.co/rIGAB09jDx",0,[],148,True
Appeal for Peace https://t.co/IgcUvRVyZv,0,[],40,False
"#WATCH Delhi Commissioner of Police, Amulya Patnaik: Some news agency ran the news that Delhi Police said that it has not got adequate forces from MHA, this information is wrong. MHA is continually supporting us &amp; we have adequate forces. Delhi police denies this completely. https://t.co/C8r9Vtueeg",1,['WATCH'],303,True
"PTI story titled "" Shortage of forces led to violence aggravating: Delhi Police to MHA"" is totally baseless. CP, Delhi Police @CPDelhi has denied that no such information was given to MHA.",0,[],188,False
"Smt. Shalini Singh, IPS Jt.CP/Western Range along with Senior Officers of Dwarka District conducted foot patrolling in Dwarka District as an Area dominance and confidence building measure. 
@LtGovDelhi
@CPDelhi
@DelhiPolice https://t.co/OIzVSnsi31",0,[],247,True
"Senior Police Officers of Dwarka District conducted Flag march, as a confidence building measure, to maintain peace in the area.   
@DelhiPolice
@CPDelhi
@LtGovDelhi https://t.co/qDeYyDx6pS",0,[],189,True
"Dwarka District police is also using #drone services to keep an eye on the miscreants and maintain peace in the area.   
@LtGovDelhi
@CPDelhi
@DelhiPolice https://t.co/AJylLhOUDu",1,['drone'],178,True
Delhi Police is making every effort to restore normalcy. Sec. 144 has been imposed in the affected areas of North East district and strict action will be taken against miscreants and anti social elements.,0,[],204,False
People should not believe in false rumors. It is also appealed to the media not to circulate any disturbing pictures which may further aggravate the situation.,0,[],159,False
"Some incidents of violence and arson have been reported in the areas of North East District, particularly in the areas of Maujpur, Kardampuri, Chand Bagh and Dayalpur. It is appealed to the people of Delhi and particularly to the North East District to maintain peace and harmony.",0,[],280,False
"Team of PS Najafgarh, Dwarka District restored a 6 yrs old girl with her family within hours. The family had forgotten the girl on the bus. 
#OperationMilap
@LtGovDelhi 
@CPDelhi
@DelhiPolice https://t.co/4HN6CRc2Nr",0,[],215,True
"Gang of auto lifters busted by special staff of SED, 2 arrested , 6 vehicles and parts of 6 vehicles recovered from the factory used for dismantling the stolen vehicles. 12 cases solved.@DelhiPolice https://t.co/HM7AnF9xmr",0,[],222,True
"Team of PS Mohan Garden, Dwarka District, reunited 5 yrs old boy with his family in just 3 hrs. He was found wandering at Som Bazaar  market, Mohan Garden, 4 km away from his home.
#OperationMilap
@LtGovDelhi
@CPDelhi 
@DelhiPolice https://t.co/RTsw2GUQDA",0,[],255,True
@shaahid3 Please lodge a complaint on ‚Äòhttps://t.co/RWOng1LTze‚Äô for necessary action.,0,[],85,False
@RisNahata @Paytmcare Please lodge a complaint on ‚Äòhttps://t.co/RWOng1LTze‚Äô for necessary action.,0,[],97,False
Tenant/ Servant verification camp organized as part of #DelhiPoliceWeek in Shahbad Dairy &amp; Bhalswa Dairy and Senior Citizens registration Mela organized in Swaroop nagar @CPDelhi @splcpnorthdelpo @DelhiPolice https://t.co/v134ymsM5B,1,['DelhiPoliceWeek'],236,True
"OUTER NORTH  DISTRICT and Narcotics Control Bureau organized Awareness program on SAFETY OF CHILDREN  &amp; DRUG ABUSE PREVENTION in S P Badli @LtGovDelhi
@CPDelhi @splcpnorthdelpo @DelhiPolice
https://t.co/DAdBC3qgqE https://t.co/DjpXXoiEmP https://t.co/8ePoHz4GZP",0,[],265,True
"Nearly 300 students participated in the Self Defence program organised by New Delhi district,@DelhiPolice in Central Park,CP. An awareness program and Human Chain on #NoHonking was organised too. Through dance, the issues related to rights of women were raised.
@CPDelhi @HMOIndia https://t.co/EIQOy93Esx",0,[],304,True
"A high level delegation from Maldives, headed by the Hon'ble Home Minister, Mr. Sheikh Imran Abdulla, visited NCFL and CyPAD today. Briefed about NCFL's latest cyber forensic tools and on counter measures taken by @DelhiPolice to curb cybercrimes.
@HMOIndia 
@LtGovDelhi
@CPDelhi https://t.co/kJFbpoldPS",0,[],303,True
"Dwarka District police organised a 10 km Cycle Rally for promotion/awareness of Delhi Police Tatpar App and NGT guidelines on pollution. More than 500 cyclists from all over Delhi and police personnel enjoyed Yoga after the Cyclothon. 
#DelhiPoliceWeek
@CPDelhi
@DelhiPolice https://t.co/Qdp9vGdwqS",0,[],298,True
"Factory of fake products busted by DIU, with recovery of 90 plastic Bags of fake Surf Excel and Tide, 74 Bags of fake Tata Salt, Two Packing Machines and a lot of wrappers with arrest of Mukesh Garg R/o Old Anaj Mandi, Narela #OuterNorthDistrict @DelhiPolice @CPDelhi @LtGovDelhi https://t.co/tthrzgFMT6",0,[],303,True
@amirtkhan9 @HDFC_Bank Please lodge a complaint on ‚Äòhttps://t.co/RWOng1LTze‚Äô for necessary action.,0,[],98,False
"A country made pistol along with a live cartridge recovered by the alert beat staff of PS Swaroop Nagar, from the possession of one Manish  r/o Swaroop Nagar #OuterNorthDistrict @DelhiPolice @LtGovDelhi",0,[],202,True
@Anurag4Indian @panch_ambulance You are requested to contact Delhi Police Control Room at 112 for urgent Police assistance in this regard.,0,[],138,False
"Public Facilitation kiosk with facilities of lodging e‚ÄîFIRs/NCR, control room of CCTV cameras, police post of division &amp; beat staff and 24*7 police presence at junction of UER &amp; NH44, inaugrated by JT CP NR in area of PS NIA @CPDelhi @LtGovDelhi @DelhiPolice https://t.co/ZOZcSeesxx",0,[],290,True
"Newly constructed Administration block which will accommodate all compulsory units/branches of DCP office under one roof inaugrated by Worthy Jt CP NR , Sh Manish Agarwal sir @CPDelhi @splcpnorthdelpo @DelhiPolice https://t.co/Am94XLcGwT",0,[],237,True
"Big cheater &amp; imposter  Ashok  R/o Sonipat who use to pose as an officer from Delhi Pollution Control Committee  &amp; use to cheat factory owners by threatening them regarding big penalty for non fulfillment of norms and extracted money, caught  @CPDelhi @DelhiPolice https://t.co/SdAZ5wlJ8y",0,[],296,True
"On the 1st anniversary of ""Naazuk"" in Jahangirpuri in the presence of Joint Commissioner of Police, Northern Range, Sh Manish Agrawal. Children participated enthusiastically in pot painting &amp; hand painting @DelhiPolice @CPDelhi https://t.co/DhxOSqsFhh",0,[],255,True
"SAFETY APPARATUS AROUND BANKS &amp; ATMs EVALUATED
Interaction with Managers of Banks' Branches in West District to ensure safety and security of bank premises, customers and ATM machines
Useful information shared and mutual trust and cooperation assured. @DelhiPolice @ANI @CPDelhi https://t.co/up0htt8t6P",0,[],306,True
@RichaBanka Please report the matter to Delhi Police Control Room by dialing 112.,0,[],81,False
Special staff of SED arrested one  Raju with 40 Cartons (1990 quarters) of illicit liquor smuggling in a car. He has 6 previous  involvements. @DelhiPolice https://t.co/A2bD5ZFQkz,0,[],179,True
"A visit to Red Fort was organized for the senior citizens during #DelhiPoliceWeek.
  #PoliceDost 
@DelhiPolice @LtGovDelhi https://t.co/6lXN2ed75J",2,"['DelhiPoliceWeek', 'PoliceDost']",146,True
@adityar1431 Please share your grievance with Station House Officer of the concerned Police Station in this regard.,0,[],115,False
"A painting competition was organised on India Gate lawns. Nearly 75 students from 5 schools participated to draw paintings on the themes of ""My Police,Delhi Police"" and ""How can I help Delhi Police"". DCP N.Delhi awarded prizes to the winners.
@CPDelhi @DelhiPolice @LtGovDelhi https://t.co/g2qkTb0qDd",0,[],300,True
@Shebaj15 Matter is being forwarded to @dtptraffic for necessary action.,0,[],72,False
"Delhi Police Week: Medical/Health Checkup Camp &amp; Mobile Cancer Detection Camp organized by Indian Cancer Society at EOW, Mandir Marg for @DelhiPolice Personnel and their families.
@CPDelhi https://t.co/tluYYjbyvq",0,[],216,True
@invincible_koul Please lodge a complaint on Cyber Crime website ‚Äúhttps://t.co/UX8RcXyvXF‚Äù or lodge the same at your local Police Station for necessary action.,0,[],159,False
"Delhi Police Week: Tenant Verification camps organised in JJ colony, MPK and Khadda colony, PS Kalindi Kunj,  Khijrabad village , PS NFC and PS Govindpuri. @DelhiPolice https://t.co/pyxrNWeMxz",0,[],192,True
@inderje42339299 Please lodge an e-FIR of MV theft through link available on Delhi Police Website ‚Äòhttps://t.co/X0oJwcRzAy‚Äô for necessary action.,0,[],145,False
"Free health checkup camp for citizens was organized at Police Station during #DelhiPoliceWeek 
@DelhiPolice @LtGovDelhi https://t.co/Wo7JgNF0eb",1,['DelhiPoliceWeek'],143,True
"Special visit was organized to Police Museum for school children by team of PS Sarai Rohilla. Here's a sneak peek for you.
#DelhiPoliceWeek 
@DelhiPolice https://t.co/H5bUpSydi4",0,[],177,True
"School children paid a visit to PS Civil Lines. The curiosity peaks at the lock up  (where the 'bad' guys land up?) 
#DelhiPoliceWeek 
@DelhiPolice https://t.co/SDR43Lgwfk",0,[],171,True
"#NationalPoliceMemorial
#WallOfValour
#DelhiPoliceWeek
@DelhiPolice https://t.co/kn64EmhV06",3,"['NationalPoliceMemorial', 'WallOfValour', 'DelhiPoliceWeek']",91,True
"Road safety awareness drive undertaken for school children during #DelhiPoliceWeek 
@DelhiPolice https://t.co/kcSCBgZx4R",1,['DelhiPoliceWeek'],120,True
"A drawing competition was organized for the school students by PS Timarpur. #DelhiPoliceWeek 
@DelhiPolice https://t.co/2iSbzLtppf",1,['DelhiPoliceWeek'],130,True
"Promotion &amp; awareness about ‚ÄúTatpar App‚Äù and various initiatives of Delhi Police during Annual Fest ‚ÄúAnugunj-2020‚Äù in Guru Gobind Singh I P University, Delhi.
#DelhiPoliceWeek
 @CPDelhi
@DelhiPolice
@LtGovDelhi https://t.co/fi2W1zufAl",0,[],238,True
"Students visited National Police Memorial as a part of #DelhiPoliceWeek  celebrations.
@DelhiPolice https://t.co/FdEpgnTNJC",1,['DelhiPoliceWeek'],123,True
"#OurInitiativeToKeepThePoliceFit
Free health check-up camp for Police Personnel orgnized by South West District on 18.02.20 during #DelhiPoliceWeek
@CPDelhi 
@DelhiPolice 
@LtGovDelhi https://t.co/4Dpc3ZVz7h",1,['OurInitiativeToKeepThePoliceFit'],207,True
@Aditya16350085 You are requested to contact Delhi Police Control Room at 112 or approach the nearest Police Station for necessary action.,0,[],138,False
@AneesKh52742314 Please lodge a complaint on Delhi Police Website 'https://t.co/X0oJwcRzAy' or lodge the same at your local Police Station for necessary action.,0,[],160,False
@TheDineshSpeaks Please lodge a complaint on ‚Äòhttps://t.co/RWOng1LTze‚Äô for necessary action.,0,[],92,False
@AKSharm61676801 You are requested to contact Delhi Police Control Room at 112 for Police assistance in this regard.,0,[],116,False
@Rajnishverma21 @TRAI Please lodge a complaint on ‚Äòhttps://t.co/RWOng1LTze‚Äô for necessary action.,0,[],97,False
"Congratulations Anil, the officer selected as best all round probationer Phillaur Police Academy and thereafter has done meticulous work in various capacities in Delhi and A&amp; N Police. A well deserved recognition to your dedication to work. @DelhiPolice @CPDelhi https://t.co/9BHDw0GXS1",0,[],290,True
"Meeting with Senior Citizens organized in different Police Stations of Dwarka District during #DelhiPoliceWeek 
@CPDelhi
@DelhiPolice
@LtGovDelhi https://t.co/gbV6yKo9p8",1,['DelhiPoliceWeek'],169,True
"Tenant verification camps organised in different areas of Dwarka district during #DelhiPoliceWeek 
@CPDelhi
@DelhiPolice
@LtGovDelhi https://t.co/8mRccXFo0z",1,['DelhiPoliceWeek'],156,True
"Visit of school children to the Police Stations of Dwarka District during #DelhiPoliceWeek 
@CPDelhi
@DelhiPolice
@LtGovDelhi https://t.co/h3cKPXqegp",1,['DelhiPoliceWeek'],149,True
@DMRC11613 Please report the matter at your local Police Station for necessary action. Dial 112 for Police assistance in emergency.,0,[],131,False
@aggarwaldrvk Matter is being forwarded to @dtptraffic for necessary action.,0,[],76,False
"A team of PS Bhalswa Dairy, has apprehended one Rupak @ Lalla r/o vill Mukundpur, Delhi, age-20 yr, with of a country made pistol along with 02 live cartridges. He is having 2 previous Involvements #OuterNorthDistrict @DelhiPolice @CPDelhi",0,[],239,True
@shooterdeepakk Please lodge a complaint on Delhi Police Website 'https://t.co/X0oJwcRzAy' or lodge the same at your local Police Station for necessary action.,0,[],159,False
"Free health check-up camp for Senior Citizens &amp; Police Personnel organized in different Police Stations of Dwarka District during #DelhiPoliceWeek.
@CPDelhi 
@DelhiPolice 
@LtGovDelhi https://t.co/H9JHeDfXUQ",0,[],211,True
@MK03937725 Please contact the designated Investigating Officer in this regard.,0,[],79,False
"A number of programs and nukkad nataks are being held at various places in the district for spreading awareness on women safety and empowerment.
@CPDelhi @DCPNewDelhi #DelhiPolice 
#DelhiPoliceWeek @HMOIndia https://t.co/j2biGiPko2",0,[],231,True
"Saanjhi Sanjh Bandhan-A cultural program for senior citizens was organised in Barakhamba Road Police Station in association with Harikrit NGO.
@CPDelhi @LtGovDelhi @HMOIndia   #DelhiPolice #DelhiPoliceWeek https://t.co/DJyb4fGc1A",0,[],229,True
@PRABHAKARVardh8 Matter is being forwarded to @dtptraffic for necessary action.,0,[],79,False
"A walking cum jogging competition was organised amongst the morning walkers including senior citizens at Nehru park, Chankyapuri.ACP Chankyapuri Pragya Anand,SHO  Chankyapuri Ugesh Kumar and Police staff also held an interactive session with them.
#DelhiPoliceWeek
@CPDelhi https://t.co/Fca4dVAHN8",0,[],297,True
@SBakshi50383049 Please lodge a complaint on Delhi Police Website 'https://t.co/X0oJwcRzAy' or lodge the same at your local Police Station for necessary action.,0,[],160,False
@aakashdeepmann @LtGovDelhi Matter is being forwarded to @dtptraffic for necessary action.,0,[],90,False
@dtptraffic @Jassi20300174 You are requested to contact Delhi Police Control Room at 112 or report the matter at your local Police Station for necessary action.,0,[],160,False
https://t.co/CSYV5PvVjA,0,[],23,True
""" ‡§Ö‡§≠‡§ø‡§Æ‡§æ‡§® ‡§Æ‡•á‡§∞‡§æ ‡§π‡•à ‡§¶‡§ø‡§≤‡•ç‡§≤‡•Ä ‡§™‡•Å‡§≤‡§ø‡§∏ ""
The Delhi Police Song
@DelhiPolice https://t.co/pkXXso0rJX",0,[],90,True
Awareness program against Child abuse through pantomime show organized in area of PS Narela as part of #DelhiPoliceWeek @DelhiPolice https://t.co/hEsbMKAiq3,1,['DelhiPoliceWeek'],156,True
"#SeniorCitizen Registeration camp organized during #DelhiPoliceWeek. Your smile is our Reward.

@DelhiPolice https://t.co/nRm1b41vCI",2,"['SeniorCitizen', 'DelhiPoliceWeek']",132,True
"One Rahul Godara @ Vicky, 25 yrs, wanted in 02 cases including one attempt to murder case of PS Dwarka Sector-23, arrested by the Anti-Snatching team of PS Dwarka Sec-23. Recovered one CMP &amp; one Scooty used in the commission of crime. 
@LtGovDelhi
@CPDelhi
@DelhiPolice https://t.co/WUs616fKsN",0,[],297,True
"#SchoolVisit by Police personnel during #DelhiPoliceWeek. Told about traffic rules and #112
#PoliceDost
@DelhiPolice https://t.co/hmzB88TJ5M",3,"['SchoolVisit', 'DelhiPoliceWeek', 'PoliceDost']",140,True
"A blind #robbery solved by the Spl. staff of Dwarka Distt. with the arrest of 02 desperate criminals namely Rahul @ Ranga @ Dada, 27 yrs &amp; Sagar, 23 yrs. Rahul is previously involved in 25 Crl. cases. Recovered a CMP, Knife &amp; a stolen motorcycle.
@LtGovDelhi
@CPDelhi
@DelhiPolice https://t.co/nJyHi2XgjP",1,['robbery'],312,True
Delhi Police Week: Drawing competition at PS Sarita Vihar and Visit to PS Jaitpur was organised for School children. @DelhiPolice @LtGovDelhi @CPDelhi https://t.co/JZzN3xe62c,0,[],174,True
Delhi Police Week: Legal awareness programme for the residents of JJ colony MPK was organized by the team of PS Kalindi Kunj.@DelhiPolice @CPDelhi https://t.co/l2k6zzvzcE,0,[],170,True
"Within the previous week, the deceased criminals had attempted killing police men who had intervened when they had opened fire on a person in PS Karawal Nagar area and had murdered a rival namely Salman in PS Loni area..

All mandatory legal proceedings are being complied with.. https://t.co/HTFh5GIDqd",0,[],303,True
"Raju was also involved in various robberies, two ghastly murders and in case of FICN peddling..

In his criminal frenzy, had even murdered his father who had disinherited him owing to his dangerous and anti-social conduct..",0,[],223,True
"Sustained gun shot injuries in return fire; were declared dead at AIIMS Trauma Center where they were rushed for medical attention..

A huge cache of firearms and ammunition recovered..

Raja was involved in a spate of robberies, four gruesome murders and under UP Gangster Act..",0,[],279,True
"Raja Pehlwan, r/o Loni, Ghaziabad, UP and Ramesh Bahadur, r/o Karawal nagar, Delhi were intercepted at Maa Anandmayi Marg, on way to Okhla Mandi..

Brazenly defying call to surrender, they opened fire..",0,[],202,True
"@LtGovDelhi 
@CPDelhi 
Death in Police action

Raja Pehelwan @ Quraishi and Ramesh @ Bahadur, two desperate dacoits/murderors succumb to defensive fire of Cell personnel after a fierce skirmish..",0,[],195,True
"#DelhiPoliceWeek
#YamunaCleaning taken up by staff of PS Timarpur, Waziarabad and Civil Lines.
Before and after pictures.
@DelhiPolice https://t.co/a8OxcUzmcG",2,"['DelhiPoliceWeek', 'YamunaCleaning']",158,True
@LlbSir Matter is being forwarded to @dtptraffic for necessary action.,0,[],70,False
@AliSaif44711758 Please lodge a complaint on ‚Äòhttps://t.co/UX8RcXyvXF‚Äô for necessary action.,0,[],92,False
"PS Lajpat Nagar: Captured in CCTV, Identified through Face recognition app and use of technical surveillance, Day Burglar arrested. Recovered Ornaments, Cash, dollar, Nigerian Naira Omani Rial worth https://t.co/xWXk1el8V6. 25 lakhs.
recovered. @DelhiPolice @CPDelhi https://t.co/nIvX4KOwhV",0,[],290,True
@PFarmana Please contact the designated Investigating Officer in this regard.,0,[],77,False
@NitishK25788174 @LtGovDelhi You are requested to immediately lodge a missing person's report at your local Police Station or lodge a complaint on Delhi Police Website ‚Äòhttps://t.co/X0oJwcRzAy‚Äô for necessary action.,0,[],215,False
"116 quarters of illicit liquor from possession of one lady namely Savita (Name changed)  r/o Gali No. 15,  Swaroop Nagar by PS Swaroop Nagar #OuterNorthDistrict @DelhiPolice @CPDelhi",0,[],182,True
"One Vijay @ Kalia R/o Shahbad Dairy, Delhi arrested and recovered a Desi Katta &amp; 01 live cartridge. Proceedings U/s 82 CrPC were being initiated against him. #OuterNorthDistrict @DelhiPolice @CPDelhi",0,[],203,True
"three accused persons namely 1. Subhash @ Upender R/o Shahdra, Delhi 2. Satpal R/o Sambhal, UP 3. Manoj R/o Distt. Pratapgarh, UP arrested and one loaded country made pistol and one stolen M/cycle &amp; 199 bags of stolen katha  by PS Alipur #OuterNorthDistrict @DelhiPolice @CPDelhi",0,[],283,True
"One  Subhash R/o Jakhira huts Rakhi market, Rama road, Patel Nagar Delhi-15 Age- 55 yrs arrested with one scooter with 5 cartons of illicit liquor i.e. 242 quarters by PS Bawana #OuterNorthDistrict @DelhiPolice @CPDelhi",0,[],219,True
"One desperate criminal namely Shah Alam, 23 yrs r/o Sec A-5, Narela, Delhi has been arrested with a loaded country made pistol by PS Narela #OuterNorthDistrict @DelhiPolice @CPDelhi",0,[],181,True
"One bootlegger namely Vimla, 42 yrs r/o Shriram Colony, Singhu Border has been nabbed with 100 quarters of illicit liquor by PS Narela #OuterNorthDistrict @DelhiPolice @CPDelhi",0,[],176,True
One Surjeet Singh r/o JJ Colony Bhalswa dairy age- 40 yrs was found in possession of 140 quarters of country made liquor by PS Bhalswa Dairy #OuterNorthDistrict @DelhiPolice @CPDelhi,0,[],182,True
One Sumit  @ Shivaji r/o village Mukundpur age-26 yrs was found in possession of a country made pistol along with two live cartridge by PS Bhalswa Dairy #OuterNorthDistrict @DelhiPolice @CPDelhi,0,[],194,True
Md.Jagir R/O  Near Chadha Nurshing Home Samay pur Delhi Age 33 years has been arrested with 15 cartons (748 quarters) of illicit liquor by PS SP Badli #OuterNorthDistrict @DelhiPolice @CPDelhi,0,[],192,True
"BC of PS Burari , Dharmender  @ Kanhaiya r/o  25 Foota Road Burari,  age  28 yrs, arrested  with desi katta and  a live cartridge by PS Swaroop Nagar. He is earlier involved in 43 cases of theft and A. Act. #OuterNorthDistrict @DelhiPolice @CPDelhi",0,[],248,True
"@RajpootRaveena @OfficialDMRC Kindly share additional details with the office of DCP, Metro at: dcp-metro-dl@nic.in

You can also call at the below mentioned numbers:
011-22183904
8800294695",0,[],190,False
"Today, students from Doda district,J&amp;K, visited the historical Police Station of Parliament Street. Officers of the district had a wonderful interaction with these young boys and girls, bubbling with energy and enthusiasm.
@CPDelhi @LtGovDelhi #DelhiPolice
#EkBharatShresthaBharat https://t.co/EshPj7rUY3",0,[],308,True
"Rajeev @ Golu has been committing thefts in and around Railway stations. He was declared a Proclaimed offender by court in May 2019. Finally brought to the book by PS Sadar Bazar. #ShantiSewaNyay 
@LtGovDelhi @DelhiPolice https://t.co/IAVcWnhU3B",0,[],245,True
@DelhiPolice https://t.co/bVWLoAw53L,0,[],36,True
"Vehicle battery thieves namely Rizwan and Bilal of Mustafabad have been arrested by Team of PS Sarai Rohilla along with the receiver Amir of MuradNagar. 21 stolen batteries recovered from them. #ShantiSewaNyay #DelhiPoliceforCitizens 
@DelhiPolice @LtGovDelhi https://t.co/DAwkmSn7Cc",0,[],283,True
"@SwatiMe01390312 @LtGovDelhi Whenever you observe such happenings around you, please dial #112 for Police assistance immediately.",0,[],129,False
"345 girls of various schools in New Delhi district trained in self defence.
@CPDelhi @LtGovDelhi #DelhiPolice https://t.co/dXcWK83hEw",1,['DelhiPolice'],133,True
@Mukeshv02185352 @LtGovDelhi Please share your grievance with Station House Officer of the concerned Police Station in this regard.,0,[],131,False
@ShivamV07849439 Please lodge a complaint on Delhi Police Website 'https://t.co/X0oJwcRzAy' or lodge the same at your local Police Station for necessary action.,0,[],160,False
@mittalsk57 Please share your grievance with Station House Officer of the concerned Police Station in this regard.,0,[],114,False
@canindya Please report the matter at your local Police Station or lodge a complaint on  ‚Äòhttps://t.co/UX8RcXyvXF‚Äô for necessary action. Such offers are generally fraud and you should not fall for them.,0,[],202,False
"@MridulCSrivast5 Please lodge a complaint with the office of DCP CyPAD, Dwarka or lodge the same on ‚Äòhttps://t.co/UX8RcXyvXF‚Äô for necessary action. Such offers are generally fraud and you should not fall for them.",0,[],213,False
"""1/3"" A section of the media has reported that some toxic chemical spray was used and injuries were inflicted upon some female protestors by police..

It is regretted that the concerned media houses have not even cared to enquire from the officials concerned and know @DelhiPolice",0,[],280,True
"""3/3"" However, it is to reiterate that following the highest standards of professional policing, utmost patience and restraint is being exercised in handling the protests while ensuring the safety and security of all, including the protestors..@DelhiPolice",0,[],256,True
"""2/3"" the correct state of facts before proceeding with the wholly inappropriate and incorrect publication..

These  insinuations are false, malicious, reprehensible and not even worth contesting..@DelhiPolice",0,[],209,True
@AnimeshhGautam Please lodge a complaint on ‚Äòhttps://t.co/RWOng1LTze‚Äô for necessary action.,0,[],91,False
"Staff of Police Station Barakhamba Road made a humble contribution of Rs 1 Lakh and clothing for the marriage of a private Safai Karamchari Smt. Rani's daughter.
@CPDelhi @DelhiPolice @LtGovDelhi 
#DelhiPolice #HumansInKhaki #PolicingWithHeart https://t.co/NwcALxgaLK",0,[],267,True
@shant20396 You are requested to contact Delhi Police Control Room at 112 or report the matter at your local Police Station for necessary action.,0,[],145,False
@Ajay_Bahera Please lodge a complaint on ‚Äòhttps://t.co/RWOng1LTze‚Äô for necessary action.,0,[],88,False
@itsGsR @dtptraffic Matter is being forwarded to @dtptraffic for necessary action.,0,[],82,False
@Bipinsingh24 Please report the matter at your local Police Station for necessary action as per law.,0,[],100,False
@Ashutos50363170 @LtGovDelhi Please share your grievance with Station House Officer of the concerned Police Station in this regard.,0,[],131,False
"Dwarka District Police remained on high alert at Inter-States border pickets and kept on intensive vehicles checking, to ensure free, fair &amp; peaceful polling in Dwarka District area for Delhi Assembly Election- 2020.
@DelhiPolice
@CPDelhi
@LtGovDelhi
@CeodelhiOffice https://t.co/lB8RBmPB9j",0,[],294,True
Staff extending help and care to the needy citizens amidst performing duties in DLA election 2020 in Outer North district @CPDelhi @LtGovDelhi @splcpnorthdelpo @DelhiPolice #dutywithcare https://t.co/0z5dhQCUCL,0,[],210,True
"Smt. Shalini Singh, Jt.CP/WR along with Senior Police Officers of Dwarka District conducted foot patrolling, visited critical Polling Stations in Dwarka District area to ensure free &amp; fair polling for DLAE-2020.
@DelhiPolice 
@CPDelhi 
@LtGovDelhi 
@CeodelhiOffice https://t.co/NlhLGGjqtd",0,[],292,True
Serving you is our duty #soutwestdistrictpolice #DelhiElections2020 @DelhiPolice @CPDelhi @LtGovDelhi @CeodelhiOffice https://t.co/uXlFutlA2A,2,"['soutwestdistrictpolice', 'DelhiElections2020']",141,True
"HITTING THE GROUND RUNNING. 
Joined Mrs. Shalini Singh, IPS, Jt. CP/Western Range and covered sensitive spots afoot with ITBP &amp; DP personnel. Despite a touch of chill in the air, voters turned up enthusiastic early on. 
@LtGovDelhi @CPDelhi @CeodelhiOffice @ANI https://t.co/s6zK3KgrTd",0,[],289,True
"Model polling station a Model for #womenempowerment Secured by women of Delhi police, South West District. #DelhiElections @DelhiPolice @LtGovDelhi @CPDelhi @CeodelhiOffice https://t.co/WWfCvAx12u",1,['womenempowerment'],196,True
"Area domination exercise across South District on the eve of DLSA 2020.
@DCPSouthDelhi @DelhiPolice https://t.co/HvqRdzf4TG",0,[],123,True
"05 Model/Pink Polling Stations in Dwarka Distt, being managed by Female staff only, are functioning smoothly. People cast their votes, meanwhile, women voters are also enjoying at ‚ÄúMehndi Point‚Äù. Dwarka Police ensuring free, fair &amp; peaceful election.
@DelhiPolice 
@CeodelhiOffice https://t.co/ecKlO7Hqhe",0,[],308,True
"Helping the citizens in exercising their democratic right.
#DelhiElections2020 https://t.co/3xbVLEAjfO",1,['DelhiElections2020'],102,True
"‡§Æ‡§§‡§¶‡§æ‡§§‡§æ‡§ì ‡§ï‡•ã ‡§µ‡•ã‡§ü ‡§ï‡§∞‡§®‡•á ‡§π‡•á‡§§‡•Å ‡§∏‡§π‡§æ‡§Ø‡§§‡§æ ‡§¶‡•á‡§§‡•Ä ‡§π‡•Å‡§à ‡§Ü‡§™‡§ï‡•Ä ‡§Ö‡§™‡§®‡•Ä ‡§™‡•Å‡§≤‡§ø‡§∏
@DCPSouthDelhi @DelhiPolice @CeodelhiOffice https://t.co/Jmw10QT7jr",0,[],124,True
"Festival of Democracy: Enthusiast Voters show their strength in Shaheen Bagh, Jamia, Kalindi Kunj and other areas of SED. #heavyturnout  @DelhiPolice @ECISVEEP @CeodelhiOffice https://t.co/PVBDReL0ws",0,[],199,True
"Helping the citizens in exercising their democratic right.
#DelhiElections2020 https://t.co/3xbVLEAjfO",1,['DelhiElections2020'],102,False
"Assisting the nonagenarians DLA 2020.
@DCPSouthDelhi @DelhiPolice https://t.co/fuUOqcMXzX",0,[],89,True
"Visit by senior officers to check arrangements and ensure smooth conduct of DLA 2020 elections.
@DCPSouthDelhi @DelhiPolice https://t.co/2MIBaSMXoQ",0,[],147,True
"Professionalism along with compassion. Dwarka District police personnel are helping out senior citizens and specially abled voters in reaching the polling booths.
@CPDelhi 
@DelhiPolice 
@LtGovDelhi 
@CeodelhiOffice https://t.co/SV2FoGprfz",0,[],239,True
"Senior officers visiting polling stations in the night to check deployment and brief the staff for ensuring free and fair polls
@CPDelhi @LtGovDelhi @DelhiPolice https://t.co/JN5Ep8UPUY",0,[],185,True
"Police personnel assisting the voters during the conduct of DLA Elections 2020
@CPDelhi @LtGovDelhi @DelhiPolice https://t.co/zclYY7Puou",0,[],136,True
SED police staff assisting the elderly and those voters who need assistance. #socialresponsibility @DelhiPolice @CeodelhiOffice @LtGovDelhi @ECISVEEP @CPDelhi https://t.co/dbXNTDwoNM,1,['socialresponsibility'],182,True
"NO LET UP TILL LAST MOMENT 
Taking account of the preparedness as well as basic amenities provided to the staff on night duty besides group patrolling with CAPF &amp; DP personnel. Cast your vote &amp; celebrate the festival of Democracy. @ANI @CPDelhi @CeodelhiOffice @LtGovDelhi https://t.co/DeM7VNPpK0",0,[],304,True
"#Flagmarch, regular visit of Critical Polling Stations &amp; ROKO TOKO exercise conducted in Dwarka District area, as an area dominance &amp; confidence building measure, to ensure free &amp; fair Delhi Legislative Assembly Election-2020.
@LtGovDelhi
@CPDelhi
@DelhiPolice 
@CeodelhiOffice https://t.co/l0ftas4ccN",1,['Flagmarch'],313,True
"Intensive vehicles checking at Inter-State Border pickets of Dwarka District in view of Delhi Legislative Assembly Election-2020.
@LtGovDelhi
@DelhiPolice
@CPDelhi
@CeodelhiOffice https://t.co/9njh1wSBX2",0,[],203,True
Visit to Critical Polling Premises with DEO SE District and interaction with Polling parties. @DelhiPolice @CeodelhiOffice https://t.co/2JRpvStfDp,0,[],146,True
@SaifiN18 Please lodge a complaint on ‚Äòhttps://t.co/RWOng1LTze‚Äô or lodge the same at your local Police station for necessary action.,0,[],132,False
@pragyaenterpri1 @DCPSouthDelhi You are requested to contact Delhi Police Control Room at 112 or report the matter at your local Police Station for necessary action.,0,[],165,False
@nkjhaknp Please lodge a complaint on Delhi Police Website ‚Äòhttps://t.co/X0oJwcRzAy‚Äô for necessary action.,0,[],106,False
@Aryavanshi_ @CPDelhi Please Dial 112 for Police assistance in case of loudspeaker usage in public areas in late night hours.,0,[],125,False
"Briefing of staff including outside force and Homeguards by senior officers to ensure free and fair DLA Elections 2020
@CPDelhi @LtGovDelhi @DelhiPolice https://t.co/XGrY5Nm5ar",0,[],176,True
"ASI Hari Singh Meena of PS Parliament Street went beyond the call of his duty to save a bird at Vijay Chowk. Proud to have such officers in the team.
@CPDelhi @DelhiPolice @LtGovDelhi #PrideInKhaki
#HumanInKhaki https://t.co/5ZJS9wqQF4",0,[],235,True
@mdahamiwal Please contact the designated Investigating Officer in this regard.,0,[],79,False
@abir4ever You are requested to immediately lodge a missing person's report at your local police station or lodge a complaint on Delhi Police Website ‚Äòhttps://t.co/X0oJwcRzAy‚Äô for necessary action.,0,[],197,False
Hard work &amp; professionalism by district Special Staff  led to arrest of 5 desperate robbers who committed robbery in keshavpuram. They confessed involvement in series of robberies. 28 lakhs cash &amp; illegal firearms recovered. Kudos to the team effort @DelhiPolice @CPDelhi https://t.co/V1bYaAzLUm,0,[],303,True
"Area domination exercise in New Delhi district in view of #DelhiElections
@CPDelhi @LtGovDelhi @ECISVEEP @CeodelhiOffice https://t.co/e0xYTZTaRL",1,['DelhiElections'],144,True
Extensive Flag march and Area domination being done in Outer North district @CPDelhi @LtGovDelhi @DelhiPolice @splcpnorthdelpo https://t.co/OcKyUxWfRW,0,[],150,True
"Gang of desperate robbers who targeted Food Delivery Staff arrested by Team South with recovery of two knives,pistol,ammunition,9 mobiles and one vehicle
@CPDelhi @LtGovDelhi @DelhiPolice 
#KeepingDelhiSafe https://t.co/Lu31FSYWyn",0,[],230,True
"Patrolling, area domination, in connection with Delhi Assembly Polls 2020,  by Team Rohini @CPDelhi  @DelhiPolice  @CeodelhiOffice #DelhiElections2020 https://t.co/MjIfGWYChm",0,[],174,True
@SureshJha99 Please share your grievance with Station House Officer of the concerned Police Station in this regard.,0,[],115,False
@CPCB_OFFICIAL @HND1900 @ControlDelhi The matter has already been referred to @DCPSEastDelhi for necessary action.,0,[],114,False
"Sensational blind murder with robbery case FIR no 64/20 of 31st January‚Äô19 of PS Malviya Nagar, solved, accused arrested. Robbed Mobile Phone of the deceased recovered. Two of the three apprehended persons are juveniles. @DelhiPolice @LtGovDelhi @CPDelhi #CrimeDetection https://t.co/ad1bBLmRZX",0,[],294,True
"#Patrolling
#AreaDomination 
#DelhiAssemblyPolls 
@DelhiPolice https://t.co/jc9Mxx9y9S",3,"['Patrolling', 'AreaDomination', 'DelhiAssemblyPolls']",86,True
Full proof security arrangements at huge public gatherings in West District. Appreciable support of law abiding citizens facilitated peaceful and orderly proceedings and conclusion of the function. @ANI @CPDelhi @LtGovDelhi @CeodelhiOffice https://t.co/Atx9qVrkwU,0,[],263,True
@SaiSankarpanda1 Please lodge a complaint on Cyber Crime website ‚Äúhttps://t.co/UX8RcXyvXF‚Äù or lodge the same at your local Police Station for necessary action.,0,[],159,False
@Girishk414 Please Dial 112 for Police assistance in case of loudspeaker usage in public areas in late night hours.,0,[],115,False
@kishandev_ Please Dial 112 for Police assistance in case of loudspeaker usage in public areas in late night hours.,0,[],115,False
"Route march led by senior officers in connection with DLA 2020 for area domination
@CPDelhi @LtGovDelhi @DelhiPolice https://t.co/vzdn7Arg0K",0,[],140,True
"‡§∏‡§æ‡§µ‡§ß‡§æ‡§® ‡§∞‡§π‡•á‡§Ç‡•§ ‡§ï‡•ã‡§à ‡§≠‡•Ä ‡§™‡•á‡§Æ‡•á‡§Ç‡§ü ‡§ê‡§™ ‡§´‡•ã‡§® ‡§∏‡•á KYC ‡§µ‡•á‡§∞‡§ø‡§´‡§æ‡§à ‡§®‡§π‡•Ä‡§Ç ‡§ï‡§∞‡§§‡§æ‡•§ KYC ‡§∏‡§§‡•ç‡§Ø‡§æ‡§™‡§® ‡§ï‡•Ä ‡§ï‡•â‡§≤ ‡§Ö‡§ï‡§∏‡§∞ ‡§Ü‡§™‡§ï‡•á ‡§∏‡§æ‡§• ‡§ß‡•ã‡§ñ‡§æ‡§ß‡§°‡§º‡•Ä ‡§ï‡§∞‡§®‡•á ‡§ï‡•á ‡§≤‡§ø‡§è ‡§ï‡•Ä ‡§ú‡§æ‡§§‡•Ä ‡§π‡•à‡•§ ‡§ï‡§≠‡•Ä ‡§≠‡•Ä:
‡•ß. ‡§ê‡§∏‡•á ‡§ï‡•â‡§≤‡§∞ ‡§ï‡•á ‡§ï‡§π‡§®‡•á ‡§™‡§∞ ‡§ï‡•ã‡§à ‡§ê‡§™ ‡§®‡§æ ‡§°‡§æ‡§â‡§®‡§≤‡•ã‡§° ‡§ï‡§∞‡•á‡§Ç‡•§
‡•®. ‡§∏‡§§‡•ç‡§Ø‡§æ‡§™‡§® ‡§ï‡•á ‡§≤‡§ø‡§è ‡§ï‡•ã‡§à ‡§õ‡•ã‡§ü‡•á ‡§∏‡•á ‡§õ‡•ã‡§ü‡§æ ‡§™‡•á‡§Æ‡•á‡§Ç‡§ü ‡§®‡§æ ‡§¶‡•á‡§Ç, ‡§®‡§æ ‡§π‡•Ä ‡§≤‡•á‡§Ç‡•§
‡•©. KYC SMS ‡§Æ‡•á‡§Ç ‡§¶‡§ø‡§è ‡§®‡§Ç‡§¨‡§∞ ‡§™‡§∞ ‡§ï‡•â‡§≤ ‡§®‡§æ ‡§ï‡§∞‡•á‡§Ç https://t.co/MSwQsnB562",0,[],304,False
"Don't get tricked. No Payment App verifies KYC over a phone call. Most of these calls/SMSs intend to cheat you. 
1. Don't click on any link sent in any message
2. Don't install any App on caller's advice
3. Don't do even a Rs.1 transaction
4. Don't call on number given in KYC SMS https://t.co/IXEmoYEpXQ",0,[],304,False
@jeetandratiwari Please lodge a complaint on ‚Äòhttps://t.co/RWOng1LTze‚Äô for necessary action.,0,[],92,False
"It is hereby clarified that no permission to hold a protest on 02.02.2020 has been given to Sh.Saket Gokhale. A copy of his request letter is being circulated in the social media as permission, which is not the case. 
@DelhiPolice",0,[],230,True
@aannuupp10 Please lodge a complaint on ‚Äòhttps://t.co/RWOng1LTze‚Äô for necessary action.,0,[],87,False
Dwarka district police arrested three people of the same family for cheating a widow woman (living alone) of Rs 4.5 lakh on the pretext of helping her in adoption of a child. Probe revealed that trio were also involved in brutal murder case of a youth in Baghpat. https://t.co/oSH3Di6PA3,0,[],287,True
@iammgoyal Please lodge a complaint on ‚Äòhttps://t.co/RWOng1LTze‚Äô for necessary action.,0,[],86,False
